Date, ZC100YR, ZC300YR, ZC500YR, ZC700YR, ZC1000YR, ZC1200YR, ZC1400YR, ZC1500YR, 
5/1/1991,0.089548366,0.091085358,0.092320734,0.093286315,0.095613655,0.097420245,0.098573005,0.098769141, 
6/3/1991,0.088997404,0.091586085,0.094261793,0.094500401,0.097008671,0.099270241,0.10050225,0.10062973, 
7/2/1991,0.089434378,0.094380339,0.097023574,0.09837727,0.10142583,0.10346738,0.10432136,0.10421575, 
8/1/1991,0.08897,0.0936703,0.095871679,0.096592355,0.099120051,0.10112058,0.10213647,0.10216261, 
9/4/1991,0.086627232,0.090223744,0.093363988,0.094349991,0.096633738,0.098455076,0.099428565,0.099515987, 
10/1/1991,0.079139071,0.082946962,0.086110821,0.087947117,0.091206042,0.093183848,0.094373374,0.094658826, 
11/1/1991,0.07229253,0.075968068,0.080661066,0.083993795,0.088502736,0.090718786,0.091864078,0.092101289, 
12/2/1991,0.072306783,0.075768229,0.079816605,0.083017067,0.087708208,0.090324842,0.091955466,0.092376969, 
1/2/1992,0.06961952,0.073449626,0.076700215,0.078762391,0.083836804,0.087259402,0.089618411,0.090356512, 
2/3/1992,0.071655561,0.076736703,0.080400665,0.083257557,0.087370889,0.08952951,0.090829232,0.09117123, 
3/2/1992,0.075119967,0.079731035,0.082260296,0.084185187,0.088273769,0.090519486,0.091582336,0.091738658, 
4/1/1992,0.076982849,0.08396556,0.086586365,0.08808698,0.091200974,0.093215198,0.094464669,0.094761083, 
5/1/1992,0.071484902,0.080160747,0.084028521,0.086848558,0.090998063,0.093355765,0.09497275,0.095475594, 
6/1/1992,0.064745871,0.075241255,0.080926695,0.084419045,0.089269684,0.09165163,0.092833618,0.09305895, 
7/2/1992,0.055205215,0.066169042,0.073316308,0.077593829,0.084506767,0.088111025,0.089692581,0.089829372, 
8/4/1992,0.052280149,0.058122538,0.066712146,0.07138954,0.077537493,0.081504997,0.084522968,0.0855967, 
9/1/1992,0.04979027,0.058136368,0.064424069,0.066869898,0.076588203,0.082628129,0.085457668,0.085756341, 
10/1/1992,0.071272117,0.071466165,0.074914562,0.077644637,0.081089697,0.082881043,0.084246499,0.084851104, 
11/2/1992,0.057111896,0.062836053,0.069301964,0.074592719,0.080224897,0.082683216,0.084571739,0.085459121, 
12/1/1992,0.073930931,0.074016366,0.077372875,0.080234424,0.084394836,0.086633778,0.088083374,0.08854941, 
1/4/1993,0.070089815,0.07153117,0.073899988,0.077438861,0.081127482,0.082317594,0.083333842,0.083981568, 
2/1/1993,0.067288823,0.072327003,0.074741873,0.078509081,0.083684021,0.085549607,0.086448643,0.08676671, 
3/1/1993,0.06227307,0.066661,0.065785073,0.067785501,0.075302503,0.079907932,0.082710666,0.083473395, 
4/1/1993,0.061129118,0.068002209,0.071758902,0.075186987,0.079314556,0.081372755,0.083192628,0.084091782, 
5/3/1993,0.058332947,0.066772035,0.06914331,0.071788785,0.07776588,0.081376756,0.083857203,0.084707211, 
6/1/1993,0.057702087,0.06656606,0.069684057,0.071997765,0.075571746,0.078497875,0.081582943,0.083033521, 
7/2/1993,0.051298336,0.062304678,0.066877773,0.071264378,0.073570509,0.074672538,0.077534576,0.07963788, 
8/3/1993,0.048309143,0.058087029,0.064331538,0.069381278,0.071455577,0.072521835,0.075338726,0.077359922, 
9/1/1993,0.052162902,0.058612213,0.062361215,0.066661184,0.067550567,0.067538477,0.070051009,0.07236756, 
10/1/1993,0.052363668,0.059981324,0.064902624,0.068731667,0.070729946,0.071819677,0.0745307,0.076550468, 
11/1/1993,0.045601002,0.053945429,0.061116985,0.06701198,0.068909387,0.068810881,0.070806907,0.072825404, 
12/1/1993,0.044028862,0.052913289,0.059747737,0.065709991,0.069027918,0.069498884,0.071430296,0.073280351, 
1/4/1994,0.041929538,0.05131208,0.058935749,0.064063762,0.069303342,0.072247675,0.074778876,0.075820254, 
2/1/1994,0.0399497,0.049470179,0.056785723,0.061507651,0.0657245,0.06803578,0.070253692,0.071287751, 
3/1/1994,0.047710846,0.057401943,0.064426973,0.069195699,0.072865946,0.074828437,0.076837362,0.077785862, 
4/4/1994,0.0684716,0.078316018,0.081720026,0.082663034,0.083883894,0.085068815,0.086222379,0.086685554, 
5/2/1994,0.067336334,0.075037305,0.078184161,0.080727667,0.083584778,0.084578599,0.085037137,0.085172367, 
6/1/1994,0.07072747,0.080616303,0.084113451,0.08611445,0.087945266,0.08846896,0.088607939,0.08860694, 
7/4/1994,0.077885942,0.086519269,0.089041578,0.091043636,0.092982492,0.093619956,0.093805277,0.09376975, 
8/2/1994,0.071607618,0.083006139,0.086491993,0.088766404,0.090975048,0.091830938,0.092175722,0.092182682, 
9/1/1994,0.067887077,0.079851452,0.082803382,0.085133932,0.087945289,0.088851415,0.089140641,0.089158693, 
10/3/1994,0.065755615,0.079353088,0.083610517,0.08649708,0.089254882,0.09014494,0.090579747,0.090703032, 
11/1/1994,0.06839136,0.081340108,0.085735329,0.08909674,0.092280507,0.093232663,0.093608377,0.093673976, 
12/1/1994,0.07381305,0.084867358,0.087224866,0.088873591,0.090885439,0.091458552,0.091502082,0.091412951, 
1/3/1995,0.083464484,0.089101079,0.089653427,0.09038457,0.09091167,0.091134501,0.091328759,0.091398851, 
2/1/1995,0.085111343,0.089806422,0.089834013,0.090240303,0.090889438,0.0910662,0.091148555,0.091184791, 
3/1/1995,0.076692239,0.080775625,0.081534885,0.083970572,0.085926594,0.086528881,0.087109211,0.087373582, 
4/3/1995,0.079087065,0.078869945,0.08099313,0.082943018,0.084900903,0.085669182,0.086188649,0.086388592, 
5/1/1995,0.07502861,0.076364995,0.078732559,0.080878691,0.083085099,0.083999217,0.08463887,0.084883248, 
6/1/1995,0.069876449,0.070824149,0.073688021,0.076075936,0.079021802,0.080529149,0.081573843,0.081930341, 
7/4/1995,0.067273383,0.071813776,0.07504103,0.07735714,0.079876621,0.081125113,0.082119293,0.082534994, 
8/1/1995,0.071562647,0.076261467,0.079691118,0.082100059,0.084699199,0.086119519,0.087251927,0.087692184, 
9/1/1995,0.066603728,0.071152673,0.074585849,0.076845378,0.079318403,0.080805232,0.082066645,0.082574121, 
10/2/1995,0.064720083,0.068886379,0.072410155,0.074884941,0.077468524,0.078875168,0.080130249,0.080689748, 
11/1/1995,0.062287233,0.068197564,0.072034333,0.074495933,0.076978771,0.07836859,0.079636493,0.080200435, 
12/1/1995,0.058215315,0.062993137,0.066876739,0.069577392,0.072364975,0.073783616,0.074985174,0.07550356, 
1/2/1996,0.056178894,0.061369899,0.066486429,0.069326116,0.072145449,0.073949294,0.075522473,0.076154953, 
2/1/1996,0.051974437,0.057460033,0.064017069,0.067918211,0.071333264,0.073390196,0.075365967,0.076256375, 
3/1/1996,0.053070483,0.060881207,0.066833833,0.071322308,0.076049334,0.078075336,0.079487247,0.080033597, 
4/1/1996,0.054174079,0.064659991,0.069702517,0.073497649,0.077794336,0.079676846,0.08100132,0.08150874, 
5/1/1996,0.053723761,0.065528554,0.071252314,0.075434086,0.0796727,0.081576113,0.083007517,0.083552983, 
6/3/1996,0.054121373,0.066277602,0.071755233,0.074954055,0.078280026,0.079977627,0.081252066,0.081722558, 
7/2/1996,0.054599903,0.066540128,0.071217323,0.074313034,0.077897179,0.079767203,0.081182325,0.081711298, 
8/1/1996,0.050602326,0.061663651,0.067740005,0.071605485,0.075613883,0.07771097,0.079324573,0.079924452, 
9/3/1996,0.048700965,0.061489854,0.067669111,0.071841758,0.076127987,0.078091321,0.079519269,0.080057744, 
10/1/1996,0.042419073,0.055628221,0.062743335,0.06765174,0.073048877,0.075373106,0.07690467,0.077454131, 
11/1/1996,0.03462845,0.048092655,0.055154717,0.060299013,0.066368324,0.068804011,0.070206903,0.070676393, 
12/2/1996,0.031406731,0.044586695,0.052647517,0.057863351,0.062493429,0.065125787,0.067565129,0.068594613, 
1/2/1997,0.038785589,0.051902992,0.058599371,0.062903612,0.067510565,0.069919579,0.07189131,0.072702128, 
2/3/1997,0.035545214,0.048535632,0.056904443,0.062059498,0.067007313,0.069769347,0.072179977,0.073177461, 
3/3/1997,0.036967623,0.049263419,0.05668959,0.061417516,0.066183504,0.068805535,0.070969828,0.071820287, 
4/1/1997,0.042714216,0.055146707,0.061789627,0.065514784,0.069345985,0.071692598,0.073652736,0.074402509, 
5/1/1997,0.040572518,0.053754123,0.060370295,0.06368287,0.067314633,0.06960524,0.071450776,0.072123435, 
6/2/1997,0.038415931,0.052001409,0.058631938,0.062176849,0.066103701,0.068409477,0.070239497,0.070919987, 
7/2/1997,0.040167013,0.051499308,0.056547771,0.059732825,0.063274391,0.065564786,0.067684533,0.06857359, 
8/1/1997,0.041829591,0.050284392,0.054114444,0.056936656,0.05996949,0.061728884,0.063335007,0.064031827, 
9/2/1997,0.040193866,0.049813776,0.05463596,0.057621904,0.060725984,0.06281594,0.064861045,0.065758837, 
10/1/1997,0.039562756,0.048650659,0.051914682,0.054604106,0.057582763,0.059568675,0.061581479,0.062480865, 
11/3/1997,0.04061334,0.048453972,0.051114586,0.053446158,0.056144044,0.057939127,0.059760889,0.060567819, 
12/1/1997,0.04429399,0.050844673,0.052926795,0.054597353,0.056011127,0.057341921,0.058887496,0.059566235, 
1/2/1998,0.048052963,0.051558256,0.052959829,0.054111833,0.055170866,0.056565569,0.05826383,0.059019187, 
2/2/1998,0.049273755,0.051540734,0.052281984,0.053113475,0.053969844,0.055177331,0.056688047,0.057368273, 
3/2/1998,0.049045798,0.051725468,0.05275224,0.053971142,0.055075696,0.056189999,0.057594268,0.058254979, 
4/1/1998,0.047520918,0.049902433,0.050883134,0.051925734,0.0531063,0.054178705,0.055465643,0.056085716, 
5/1/1998,0.049252898,0.050614968,0.051525415,0.052337886,0.053269645,0.054314803,0.055562844,0.056136359, 
6/1/1998,0.049857863,0.050922485,0.051327372,0.051873779,0.052611756,0.053436713,0.054481997,0.055007929, 
7/2/1998,0.050445239,0.051675356,0.051832351,0.052041767,0.052645414,0.053085653,0.053508351,0.053716649, 
8/4/1998,0.051975187,0.053351013,0.053312468,0.053370481,0.053957846,0.054191199,0.054215316,0.054205217, 
9/1/1998,0.056168676,0.054965307,0.054873359,0.054596123,0.05444963,0.055003791,0.05579319,0.056155925, 
10/1/1998,0.04746905,0.04588864,0.046373714,0.047569619,0.047990489,0.047540101,0.047455629,0.047733306, 
11/2/1998,0.046980794,0.047992189,0.049288519,0.050504449,0.052342445,0.053295562,0.053983927,0.05427057, 
12/1/1998,0.047378051,0.047303669,0.047385094,0.047904956,0.04917983,0.049939955,0.050587557,0.050910463, 
1/4/1999,0.046898561,0.047338016,0.047392093,0.047815956,0.04902834,0.0497514,0.050321166,0.050587269, 
2/1/1999,0.047760051,0.048244139,0.048347911,0.048619758,0.049612132,0.050270366,0.050802992,0.051048141, 
3/1/1999,0.051573054,0.053695966,0.053652758,0.05352925,0.053821491,0.053861243,0.053717612,0.053643358, 
4/1/1999,0.047085792,0.048753093,0.049301381,0.04972233,0.050630211,0.051110072,0.051455405,0.051626127, 
5/3/1999,0.045952435,0.049073993,0.050288029,0.051062059,0.052231004,0.052611279,0.052703067,0.052739324, 
6/1/1999,0.050661645,0.054656566,0.054770621,0.054904252,0.055254161,0.055193548,0.055011924,0.054956436, 
7/2/1999,0.049713394,0.052714363,0.053537936,0.054061204,0.054674363,0.05497122,0.055272736,0.055451935, 
8/3/1999,0.052182046,0.054964692,0.056132692,0.056532295,0.056741457,0.057525849,0.05859265,0.059080469, 
9/1/1999,0.053222145,0.056111356,0.056861574,0.056811573,0.056999843,0.05803879,0.059323951,0.059866646, 
10/1/1999,0.05214405,0.056533907,0.057516528,0.057689945,0.058244658,0.059353429,0.060634955,0.061173833, 
11/1/1999,0.054031017,0.058312898,0.059186557,0.059234086,0.059711148,0.060927613,0.062291805,0.062829269, 
12/1/1999,0.055248868,0.060146426,0.060776221,0.060561426,0.06089472,0.061980294,0.063126518,0.063537593, 
1/4/2000,0.05633245,0.062205609,0.063013287,0.063142586,0.063566932,0.064044171,0.064564814,0.064799119, 
2/1/2000,0.058224112,0.063687442,0.064601112,0.064318333,0.064261747,0.064904773,0.065506012,0.065622005, 
3/1/2000,0.056634256,0.060499474,0.061313399,0.060642999,0.060535937,0.061479337,0.062200734,0.062245954, 
4/3/2000,0.057834439,0.059409446,0.059575835,0.058758262,0.058423598,0.059376743,0.060386657,0.060668064, 
5/1/2000,0.05914098,0.062395209,0.062169,0.061837965,0.061559496,0.06158235,0.061744421,0.061828377, 
6/1/2000,0.060130072,0.060777105,0.059968262,0.059438862,0.058834617,0.058735337,0.05898494,0.059202593, 
7/4/2000,0.057999516,0.0585525,0.058322896,0.057978507,0.057534879,0.057611188,0.058051941,0.058360954, 
8/1/2000,0.058340839,0.059509729,0.059089428,0.058393398,0.057838916,0.057986452,0.058460394,0.058755145, 
9/1/2000,0.056963925,0.05726011,0.057075847,0.05659906,0.055958742,0.056088327,0.056721418,0.057155041, 
10/2/2000,0.056468962,0.057292127,0.057444183,0.05737088,0.0572841,0.057474224,0.057927923,0.058232234, 
11/1/2000,0.057036398,0.057976922,0.058047963,0.057893775,0.057649909,0.057789131,0.058258852,0.058586104, 
12/1/2000,0.055942351,0.055503686,0.055281029,0.055001116,0.054939864,0.055368253,0.056110523,0.056536526, 
1/2/2001,0.051330428,0.050954475,0.05139149,0.051892445,0.052542151,0.052489653,0.052484922,0.052677081, 
2/1/2001,0.04820115,0.049436907,0.051369253,0.052425424,0.053831628,0.054974781,0.056211749,0.056828959, 
3/1/2001,0.047211057,0.049159801,0.05085514,0.052056409,0.053216745,0.053418428,0.05361516,0.05387429, 
4/2/2001,0.046160562,0.049787943,0.052146589,0.053646478,0.055384307,0.056400906,0.057372899,0.057857287, 
5/1/2001,0.04451341,0.050598357,0.053946132,0.05578494,0.057917696,0.059015987,0.059823386,0.06015171, 
6/1/2001,0.044760107,0.051978983,0.055152996,0.056488947,0.058181144,0.059078583,0.05964917,0.059848311, 
7/3/2001,0.045787284,0.053527025,0.056638466,0.057931979,0.059466054,0.060244964,0.060753812,0.060949508, 
8/1/2001,0.042006797,0.050285196,0.053855214,0.055466389,0.057407248,0.058485361,0.059315176,0.059669805, 
9/4/2001,0.038775089,0.047264286,0.051427284,0.053362248,0.055742874,0.057073837,0.058053444,0.058443366, 
10/1/2001,0.030301444,0.040341818,0.047113575,0.050907317,0.054736615,0.056524739,0.057793188,0.058305241, 
11/1/2001,0.023614978,0.035194525,0.043071048,0.047611098,0.0506101,0.051847719,0.05331583,0.054125647, 
12/3/2001,0.022872192,0.037451088,0.045240647,0.049964234,0.052394019,0.053130928,0.054502075,0.055413089, 
1/2/2002,0.023039261,0.040467579,0.048721463,0.053256373,0.055470774,0.055987194,0.057036322,0.057774467, 
2/1/2002,0.024870066,0.040919589,0.048720129,0.052954311,0.054917244,0.055373305,0.05639608,0.057139485, 
3/1/2002,0.026839148,0.041959526,0.048945122,0.05306443,0.055192806,0.055716457,0.056743586,0.057483351, 
4/1/2002,0.033963449,0.048853841,0.054162188,0.057093939,0.058417714,0.058660713,0.059280852,0.059763487, 
5/1/2002,0.03221298,0.045633248,0.051132856,0.054496664,0.056710989,0.057322066,0.058060945,0.05853401, 
6/3/2002,0.0337769,0.04519906,0.05017939,0.053502069,0.055429855,0.055908609,0.05671168,0.057278532, 
7/2/2002,0.032114183,0.04283657,0.048312363,0.051964795,0.054513321,0.055453336,0.056598796,0.057263922, 
8/1/2002,0.028409705,0.036975845,0.044644272,0.049674372,0.053347094,0.054773446,0.056226588,0.056990678, 
9/3/2002,0.030048073,0.03719657,0.042495293,0.046909867,0.049987734,0.050897661,0.052086908,0.052847933, 
10/1/2002,0.0297134,0.037177018,0.043021762,0.047740763,0.050930249,0.051863814,0.05305196,0.053806667, 
11/1/2002,0.028407118,0.036471209,0.042974855,0.048147117,0.051998535,0.053272911,0.054665452,0.055462285, 
12/2/2002,0.029910261,0.038486798,0.04466027,0.0492736,0.052661397,0.053827397,0.055055741,0.055730955, 
1/2/2003,0.02857545,0.036185468,0.042170129,0.046932359,0.050560809,0.051963451,0.05350758,0.05434802, 
2/3/2003,0.032333884,0.038999786,0.044245353,0.048395288,0.051500262,0.052722675,0.054036568,0.054741409, 
3/3/2003,0.032162583,0.037767649,0.043058073,0.047240391,0.050421454,0.051819671,0.053349065,0.054152163, 
4/1/2003,0.034981755,0.04081932,0.045655374,0.049379723,0.052283673,0.053575011,0.054942802,0.055648825, 
5/1/2003,0.034310848,0.03865209,0.043397247,0.047060199,0.05012098,0.051568015,0.053029148,0.053755054, 
6/2/2003,0.031478794,0.034018984,0.038775059,0.042839084,0.045866084,0.047266856,0.048897192,0.049766901, 
7/2/2003,0.028824186,0.032992494,0.038291658,0.042848124,0.04619397,0.047580255,0.04920535,0.050092917, 
8/5/2003,0.028334685,0.03546591,0.042377766,0.047553434,0.050964175,0.051845387,0.052923828,0.053610371, 
9/2/2003,0.028172672,0.036019309,0.042289072,0.047152488,0.050175555,0.051215753,0.052610989,0.053432806, 
10/1/2003,0.025248773,0.03232829,0.038226545,0.04319985,0.046491387,0.047787036,0.049509247,0.050496352, 
11/3/2003,0.027371382,0.035907975,0.04216641,0.046912289,0.050024617,0.051143814,0.052585677,0.053424892, 
12/1/2003,0.027457779,0.036030039,0.042162316,0.046668761,0.049548053,0.050581659,0.051960556,0.05277646, 
1/2/2004,0.025874591,0.034756409,0.041398674,0.046099329,0.048968848,0.050023189,0.051490045,0.052362974, 
2/2/2004,0.022598349,0.031090299,0.038244744,0.043535046,0.046873274,0.048058519,0.049677246,0.050659339, 
3/1/2004,0.020940418,0.028695996,0.036064522,0.041508944,0.044988337,0.046155322,0.047698152,0.048649353, 
4/1/2004,0.01991303,0.028654196,0.036006864,0.041483699,0.045083791,0.046305785,0.047909279,0.048896655, 
5/3/2004,0.020992639,0.031535307,0.038963039,0.044257689,0.04746345,0.048408317,0.049786762,0.050684121, 
6/1/2004,0.025285196,0.035919309,0.042342643,0.046849936,0.04917156,0.049809898,0.051024187,0.051860647, 
7/2/2004,0.02534573,0.035973291,0.042017767,0.046255641,0.048355638,0.049012581,0.050337595,0.051238724, 
8/3/2004,0.025218085,0.035866955,0.041722647,0.045927043,0.047827754,0.048438168,0.049803839,0.050726422, 
9/7/2004,0.028116138,0.035947938,0.041482107,0.045486506,0.047397961,0.048118988,0.049505275,0.050402468, 
10/1/2004,0.028207442,0.035861897,0.041090465,0.045064572,0.046921696,0.047552269,0.048887207,0.049778658, 
11/1/2004,0.028724855,0.035152242,0.039738924,0.043400092,0.045594477,0.046384693,0.047634511,0.048424066, 
12/1/2004,0.026461991,0.033069949,0.038143937,0.042426563,0.045117216,0.045975096,0.047258798,0.048075452, 
1/4/2005,0.026862417,0.033350067,0.037964044,0.041752812,0.04407321,0.044892826,0.046160415,0.046959687, 
2/1/2005,0.025956475,0.032115243,0.036625109,0.04060109,0.043008393,0.043745153,0.044932145,0.045703554, 
3/1/2005,0.026717702,0.032622435,0.037383515,0.041296621,0.043556796,0.044359882,0.045631979,0.046420171, 
4/1/2005,0.028548625,0.034186393,0.038165855,0.041619558,0.043412736,0.044033033,0.045192275,0.045935598, 
5/2/2005,0.027086578,0.032501169,0.036483719,0.040040473,0.04188324,0.042555309,0.043821164,0.044627784, 
6/1/2005,0.025657753,0.029369277,0.033335371,0.036676891,0.039033683,0.040187117,0.041612002,0.042366587, 
7/4/2005,0.02749796,0.030917266,0.034153927,0.03721831,0.039452953,0.04056341,0.041945629,0.042676158, 
8/2/2005,0.028945516,0.032155616,0.035337139,0.038173222,0.040377578,0.04144048,0.042632843,0.043234452, 
9/1/2005,0.027074216,0.029888972,0.032718624,0.035525451,0.037714018,0.038784374,0.040068434,0.040736602, 
10/3/2005,0.031923667,0.034165603,0.036235203,0.038240565,0.040068949,0.040977538,0.041910015,0.042359963, 
11/1/2005,0.034773592,0.036978406,0.038746784,0.040394589,0.041766802,0.042470369,0.043241068,0.043619452, 
12/1/2005,0.036604491,0.037737426,0.038527451,0.039410438,0.040446278,0.041030105,0.041613693,0.041895779, 
1/3/2006,0.037377179,0.038055601,0.038481625,0.038992309,0.03958107,0.039973247,0.040418969,0.040643509, 
2/1/2006,0.037875578,0.039320753,0.040267673,0.041008201,0.041724875,0.042127574,0.042537053,0.042731399, 
3/1/2006,0.039022281,0.039733487,0.040409325,0.040919538,0.041353292,0.04162332,0.041932991,0.042084777, 
4/3/2006,0.039770854,0.04059482,0.041773251,0.042435681,0.042687798,0.042810937,0.043040326,0.043177093, 
5/1/2006,0.04106206,0.04214206,0.043526016,0.044431489,0.04492913,0.045133318,0.04541978,0.045577026, 
6/1/2006,0.041552168,0.041514468,0.04251112,0.043234223,0.043791544,0.044060698,0.044324033,0.044445787, 
7/4/2006,0.043962805,0.044128732,0.044748085,0.045292564,0.045800481,0.046072827,0.046337947,0.046456343, 
8/1/2006,0.041426259,0.040921868,0.041615863,0.04226889,0.04298279,0.04339547,0.043760254,0.043908059, 
9/1/2006,0.04013454,0.038993349,0.039412574,0.039852416,0.040500693,0.041028592,0.041548518,0.041765433, 
10/2/2006,0.039742993,0.038222926,0.038392427,0.038845415,0.03955664,0.040041325,0.040491575,0.040682509, 
11/1/2006,0.040002117,0.038330613,0.038472368,0.038954229,0.039681796,0.040143582,0.040555541,0.040725093, 
12/1/2006,0.038939023,0.036914381,0.037162944,0.037743031,0.038529568,0.039021854,0.039476823,0.039671463, 
1/2/2007,0.040510818,0.038968161,0.039288478,0.039847589,0.040414914,0.040751504,0.041096958,0.041253306, 
2/1/2007,0.041468258,0.040395536,0.040744425,0.041279845,0.041747125,0.042035577,0.042352803,0.042496132, 
3/1/2007,0.040060571,0.038631095,0.039049254,0.039516442,0.040097091,0.040539128,0.040969551,0.041145268, 
4/2/2007,0.040584927,0.039367503,0.039814394,0.040346826,0.041025726,0.041511859,0.041977051,0.042169087, 
5/1/2007,0.041919848,0.040647047,0.040639728,0.04095876,0.041322442,0.041620444,0.041948705,0.04209104, 
6/1/2007,0.04495548,0.045373212,0.044953013,0.044695055,0.044502127,0.044352729,0.044169588,0.044072319, 
7/3/2007,0.045654295,0.045186481,0.045037911,0.045020632,0.044897451,0.044904023,0.044972365,0.045000491, 
8/1/2007,0.046374904,0.045381671,0.045004234,0.044739392,0.044476773,0.044531709,0.044676339,0.044735736, 
9/4/2007,0.042972708,0.042991034,0.043112539,0.043300197,0.04354358,0.043793254,0.04408583,0.04421849, 
10/1/2007,0.040946958,0.040911858,0.041593485,0.042219274,0.042977303,0.043451066,0.043888806,0.044076207, 
11/1/2007,0.041075048,0.040800196,0.041199198,0.041589379,0.04224685,0.042736401,0.043173553,0.043345765, 
12/3/2007,0.037051763,0.035768254,0.036838911,0.037693708,0.038880439,0.039746623,0.040534458,0.040853634, 
1/2/2008,0.036641277,0.036651317,0.037588058,0.038251894,0.039156571,0.039819298,0.04044418,0.040701001, 
2/1/2008,0.031734202,0.032585742,0.034944962,0.036587998,0.03876924,0.040136591,0.041242411,0.041659175, 
3/3/2008,0.027698685,0.028997507,0.031867626,0.034114186,0.037290038,0.039188553,0.040643088,0.041169957, 
4/1/2008,0.026463584,0.029150401,0.031286149,0.033544514,0.036919609,0.03884337,0.040316518,0.040860621, 
5/1/2008,0.026728442,0.028889957,0.031216635,0.033476655,0.037097082,0.039225601,0.040805596,0.04136039, 
6/2/2008,0.027231508,0.030437897,0.032445227,0.034574141,0.037744064,0.03959298,0.041076745,0.041638936, 
7/2/2008,0.031045222,0.033432601,0.034623446,0.036048531,0.038513428,0.040089127,0.041339566,0.041791618, 
8/1/2008,0.027676294,0.030386273,0.032373977,0.034175525,0.037291528,0.039504056,0.041350153,0.04203113, 
9/2/2008,0.026026657,0.027912854,0.030190541,0.032320968,0.036010572,0.038556959,0.040637203,0.041396796, 
10/1/2008,0.025641349,0.029076389,0.032077272,0.034829075,0.038418285,0.040767572,0.042777156,0.043541303, 
11/3/2008,0.018874226,0.023945349,0.03007259,0.034730105,0.040032014,0.043060965,0.045463178,0.046322185, 
12/1/2008,0.014992875,0.019003877,0.024172769,0.028129177,0.033477301,0.036957061,0.039863677,0.040946845, 
1/2/2009,0.008907656,0.015043142,0.020238583,0.024538511,0.030533478,0.034191263,0.037134734,0.038218173, 
2/2/2009,0.010088723,0.017227824,0.021870181,0.026058144,0.032246673,0.035989513,0.038974824,0.040063277, 
3/2/2009,0.007357913,0.014300594,0.019119486,0.023579588,0.031075013,0.035671567,0.039070241,0.040197191, 
4/1/2009,0.006404694,0.013354773,0.017791119,0.021989933,0.029039965,0.033481271,0.036953557,0.038199409, 
5/1/2009,0.004333316,0.014213531,0.020714935,0.025506165,0.032575821,0.036890553,0.040172198,0.041307438, 
6/1/2009,0.005183072,0.01870641,0.025897223,0.030062047,0.036034454,0.039762958,0.042543451,0.043461976, 
7/2/2009,0.004476765,0.018914704,0.025286141,0.029403544,0.034993033,0.03820264,0.040672177,0.041543015, 
8/4/2009,0.006142735,0.020409239,0.027687938,0.031571226,0.037055933,0.04046913,0.042931652,0.043694108, 
9/1/2009,0.005235791,0.018910268,0.025603947,0.029335895,0.035372373,0.039120112,0.04172182,0.042495772, 
10/1/2009,0.00537468,0.018622128,0.025117099,0.028700115,0.034339559,0.037940995,0.040565173,0.041399093, 
11/2/2009,0.005938442,0.019844521,0.027039942,0.030850596,0.03636428,0.039823589,0.0422676,0.042991447, 
12/1/2009,0.004567406,0.017066063,0.024303996,0.028620567,0.034793463,0.038516478,0.041182808,0.042023793, 
1/4/2010,0.007380743,0.020958278,0.028189305,0.032664996,0.03831509,0.041452606,0.0436368,0.044306968, 
2/1/2010,0.00596481,0.01847603,0.025528996,0.030214566,0.036244585,0.03944357,0.041606422,0.042278969, 
3/1/2010,0.00662844,0.019271232,0.026359057,0.030845857,0.036421139,0.039422074,0.041505252,0.042174229, 
4/1/2010,0.01001063,0.022973659,0.028989856,0.032850852,0.037472675,0.039757191,0.041268422,0.041751093, 
5/3/2010,0.012637678,0.024438607,0.030102877,0.033578735,0.037133351,0.038903082,0.04026807,0.040792432, 
6/1/2010,0.011002099,0.02178558,0.026612694,0.029892022,0.033621483,0.03548343,0.036991398,0.037613992, 
7/2/2010,0.010064836,0.018954117,0.024470155,0.028106978,0.032147677,0.034339198,0.036100288,0.036792713, 
8/3/2010,0.010624417,0.01785099,0.023425219,0.0275601,0.032467369,0.035065787,0.037019044,0.037734064, 
9/1/2010,0.009984873,0.015459372,0.020700702,0.024848153,0.029909737,0.032696386,0.034861227,0.035666362, 
10/1/2010,0.011970735,0.015817775,0.020115229,0.02430097,0.029587,0.032165139,0.033929136,0.034528695, 
11/1/2010,0.011833912,0.015794912,0.020016122,0.024451314,0.030065997,0.032626943,0.034268912,0.034813611, 
12/1/2010,0.013546391,0.01964264,0.024614421,0.028703924,0.033154116,0.035006288,0.036123274,0.036475302, 
1/4/2011,0.013908546,0.020057773,0.024909503,0.028899824,0.033323211,0.035129635,0.036126464,0.036398892, 
2/1/2011,0.012918413,0.020370146,0.026225303,0.030619296,0.035184346,0.037077292,0.038204565,0.038545157, 
3/1/2011,0.013596349,0.021458432,0.026626221,0.030345939,0.034435226,0.036219702,0.037301525,0.037634966, 
4/1/2011,0.013879643,0.022339171,0.027603611,0.031268247,0.035287388,0.036999819,0.037991503,0.03828327, 
5/2/2011,0.013873727,0.02083429,0.025760604,0.029513163,0.033660703,0.035529637,0.036784145,0.037229343, 
6/1/2011,0.012119,0.018059475,0.022629238,0.026476492,0.030736194,0.032538214,0.033727631,0.034172127, 
7/4/2011,0.012431977,0.018631441,0.023397382,0.027500398,0.031678572,0.03331547,0.034472048,0.034952085, 
8/2/2011,0.010890944,0.014524253,0.018554646,0.022720686,0.027179342,0.028948339,0.030238021,0.030793656, 
9/1/2011,0.009390773,0.011905269,0.016000364,0.020166665,0.024991642,0.027186876,0.028820778,0.029496841, 
10/3/2011,0.007937113,0.009907832,0.01341769,0.017205605,0.021729019,0.023822327,0.025404853,0.026069022, 
11/1/2011,0.008409754,0.011075082,0.014480895,0.018289378,0.022669687,0.024582477,0.026142085,0.026852179, 
12/1/2011,0.00882823,0.010842179,0.014545355,0.018257383,0.022454274,0.024361856,0.025811452,0.026420684, 
1/3/2012,0.009554107,0.010799244,0.013725107,0.017097548,0.021185935,0.023068058,0.02447869,0.025066356, 
2/1/2012,0.009600158,0.010703646,0.013264812,0.016371211,0.020339119,0.022278062,0.023803089,0.024457098, 
3/1/2012,0.010338493,0.012246238,0.014643949,0.017492177,0.021314524,0.023256408,0.024781534,0.025422868, 
4/2/2012,0.01053825,0.013648825,0.016141374,0.019074468,0.022483426,0.023945003,0.025165274,0.025739121, 
5/1/2012,0.012380638,0.014446481,0.016393057,0.018569834,0.02160395,0.023285147,0.024709894,0.025336187, 
6/1/2012,0.008624177,0.009438672,0.011270106,0.013546723,0.016761234,0.018595563,0.020213393,0.020946194, 
7/3/2012,0.009795897,0.011354603,0.013123451,0.015007587,0.017814389,0.019606151,0.021278924,0.022046791, 
8/1/2012,0.010484199,0.011845424,0.013470649,0.015162376,0.017639081,0.019285205,0.020894432,0.021647727, 
9/4/2012,0.010986834,0.011847761,0.013325278,0.015158463,0.017970219,0.019744622,0.021367991,0.022094113, 
10/1/2012,0.010365047,0.011360168,0.012977747,0.014835134,0.017803561,0.019703583,0.021388651,0.022117834, 
11/1/2012,0.010335253,0.011791204,0.013611422,0.015594292,0.018603197,0.020463493,0.022128307,0.022861713, 
12/3/2012,0.010328146,0.011510928,0.013162264,0.015009914,0.01777982,0.019553845,0.021218135,0.021974874, 
1/2/2013,0.010929391,0.012788519,0.014726098,0.016721838,0.019468489,0.021080768,0.022524545,0.023177424, 
2/1/2013,0.010954934,0.013416277,0.015970578,0.018331997,0.021377151,0.023130987,0.024685426,0.02537849, 
3/1/2013,0.009438061,0.01077225,0.013287178,0.015766001,0.019104226,0.021120857,0.022940222,0.023750346, 
4/1/2013,0.009939333,0.010971558,0.01316837,0.015283863,0.01848712,0.020667284,0.022704096,0.023607983, 
5/1/2013,0.00969831,0.010271262,0.011957243,0.013816668,0.016865075,0.018934622,0.02088927,0.021776476, 
6/3/2013,0.010385297,0.01225185,0.015192318,0.017716122,0.020780543,0.022579076,0.02420499,0.024929299, 
7/2/2013,0.011017329,0.014073412,0.018212581,0.021409759,0.024580626,0.026111483,0.027385159,0.027934268, 
8/1/2013,0.011041689,0.014160381,0.01901055,0.022720358,0.026000389,0.0275579,0.028941885,0.02956347, 
9/3/2013,0.010980428,0.015018088,0.020207499,0.02394582,0.02739685,0.02900912,0.030346585,0.030921828, 
10/1/2013,0.010383617,0.014297683,0.019052919,0.022601794,0.02621911,0.02804101,0.029545308,0.030174811, 
11/1/2013,0.009931363,0.013230626,0.018012287,0.021855005,0.025833739,0.027746346,0.029258118,0.02987662, 
12/2/2013,0.009806861,0.012969385,0.018141192,0.0225541,0.027072674,0.029044457,0.03047201,0.031030363, 
1/2/2014,0.009779602,0.013684422,0.019670183,0.024169818,0.028350418,0.030088791,0.031303179,0.031757453, 
2/3/2014,0.00913858,0.011196247,0.01558143,0.019572456,0.023987087,0.025960081,0.027326765,0.02783487, 
3/3/2014,0.009455319,0.011667083,0.015782926,0.019626679,0.024061733,0.026182937,0.027733603,0.028322455, 
4/1/2014,0.009712183,0.012731198,0.017254344,0.021092259,0.02527197,0.027279956,0.028808405,0.029411978, 
5/1/2014,0.009822731,0.012158144,0.016408655,0.019990572,0.023913288,0.025881353,0.027442018,0.028073805, 
6/2/2014,0.009768677,0.012115829,0.01588525,0.019243598,0.023135742,0.025071466,0.026560433,0.027155285, 
7/2/2014,0.010034535,0.012924444,0.016446551,0.019675272,0.023693069,0.025673779,0.027111858,0.027658332, 
8/1/2014,0.010015218,0.011915969,0.015095687,0.018056664,0.021686636,0.023542849,0.024978567,0.025554236, 
9/2/2014,0.010141817,0.012599227,0.015461378,0.0180716,0.021426034,0.023185211,0.024559905,0.025119218, 
10/1/2014,0.009851723,0.012540865,0.015428064,0.018064981,0.021415611,0.023091228,0.024353481,0.024859302, 
11/3/2014,0.009446426,0.011803902,0.015259601,0.017968735,0.021174371,0.022892393,0.024265358,0.024822251, 
12/1/2014,0.0098846,0.0109882,0.0139561,0.016463,0.0196994,0.0214941,0.022909,0.0234707, 
1/2/2015,0.0100483,0.0108806,0.0132739,0.0154036,0.0183237,0.0200587,0.0214875,0.0220643, 
2/2/2015,0.0047487,0.0041686,0.0062771,0.0087186,0.0123455,0.0144794,0.0162037,0.0168931, 
3/2/2015,0.0056053,0.0050555,0.0075483,0.0102788,0.0140698,0.016256,0.0180418,0.0187644, 
4/1/2015,0.0058284,0.004938,0.0071134,0.0097963,0.0137116,0.0159268,0.0176853,0.0183856, 
5/1/2015,0.0071569,0.0075526,0.0105439,0.013562,0.0172856,0.0192457,0.020809,0.0214461, 
6/1/2015,0.0065929,0.0059701,0.0094106,0.0130055,0.0171323,0.0191458,0.0207166,0.0213573, 
7/2/2015,0.0057666,0.0049463,0.0091049,0.013572,0.0185065,0.0207044,0.0223011,0.022929, 
8/4/2015,0.0039528,0.0040004,0.0071577,0.010795,0.0154217,0.017788,0.0195962,0.020303, 
9/1/2015,0.0041652,0.0046301,0.0073855,0.0107831,0.015514,0.0181082,0.0201641,0.0209831, 
10/1/2015,0.0049865,0.0057054,0.0083461,0.0113237,0.015483,0.0179193,0.0199888,0.0208588, 
11/2/2015,0.0051461,0.0064372,0.0094439,0.0127754,0.0172349,0.0196996,0.0216991,0.0225117, 
12/1/2015,0.0055366,0.0065947,0.0092287,0.0121722,0.0162933,0.0186686,0.0206341,0.0214389, 
1/4/2016,0.004957,0.0051657,0.0080171,0.0111676,0.0154639,0.0179171,0.019934,0.0207497, 
2/1/2016,0.0044996,0.0043881,0.0066554,0.0095429,0.0138862,0.0164909,0.0186747,0.0195707, 
3/1/2016,0.005135,0.005403,0.0073252,0.0098757,0.0138986,0.0163924,0.0185199,0.0194026, 
4/1/2016,0.0055912,0.0056116,0.0074316,0.0099754,0.0140476,0.0165321,0.0186067,0.019452, 
5/2/2016,0.0063412,0.0071234,0.0092234,0.0119674,0.0160914,0.0184365,0.0202781,0.02099, 
6/1/2016,0.0059513,0.0061413,0.007558,0.00976,0.0137308,0.0162287,0.0182513,0.0190384, 
