Date,1 month,3 month,1 year,2 year,3 year,5 year,7 year, 10 year,15 year, 20 year,25 year
5/1/1991,0.084892467,0.088996513,0.089548366,0.090409137,0.091085358,0.092320734,0.093286315,0.095613655,0.098769141,0.097259733,0.098055025
6/3/1991,0.082593298,0.087908108,0.088997404,0.089475154,0.091586085,0.094261793,0.094500401,0.097008671,0.10062973,0.098770172,0.097641322
7/2/1991,0.08222494,0.083572743,0.089434378,0.092475831,0.094380339,0.097023574,0.09837727,0.10142583,0.10421575,0.10102969,0.099428112
8/1/1991,0.080934617,0.085798794,0.08897,0.091682075,0.0936703,0.095871679,0.096592355,0.099120051,0.10216261,0.099621474,0.098101526
9/4/1991,0.080842388,0.082144263,0.086627232,0.088299656,0.090223744,0.093363988,0.094349991,0.096633738,0.099515987,0.097940889,0.097202868
10/1/1991,0.076868444,0.080749791,0.079139071,0.080672121,0.082946962,0.086110821,0.087947117,0.091206042,0.094658826,0.094512958,0.094512445
11/1/1991,0.070924338,0.078197546,0.07229253,0.073163223,0.075968068,0.080661066,0.083993795,0.088502736,0.092101289,0.093133598,0.096791337
12/2/1991,0.07064484,0.072305616,0.072306783,0.073681561,0.075768229,0.079816605,0.083017067,0.087708208,0.092376969,0.092135681,0.091545445
1/2/1992,0.067004229,0.072452276,0.06961952,0.070857027,0.073449626,0.076700215,0.078762391,0.083836804,0.090356512,0.091532307,0.09216709
2/3/1992,0.068779515,0.06969744,0.071655561,0.074379284,0.076736703,0.080400665,0.083257557,0.087370889,0.09117123,0.091319918,0.091549884
3/2/1992,0.069619342,0.075148544,0.075119967,0.077390642,0.079731035,0.082260296,0.084185187,0.088273769,0.091738658,0.092690262,0.096829115
4/1/1992,0.062693069,0.071194243,0.076982849,0.081361422,0.08396556,0.086586365,0.08808698,0.091200974,0.094761083,0.094260276,0.093418022
5/1/1992,0.05921186,0.065948975,0.071484902,0.076923709,0.080160747,0.084028521,0.086848558,0.090998063,0.095475594,0.095793577,0.094877025
6/1/1992,0.055340095,0.061786839,0.064745871,0.070434522,0.075241255,0.080926695,0.084419045,0.089269684,0.09305895,0.094123446,0.097126366
7/2/1992,0.05230778,0.057765238,0.055205215,0.060242354,0.066169042,0.073316308,0.077593829,0.084506767,0.089829372,0.090636455,0.097149332
8/4/1992,0.046979001,0.050465894,0.052280149,0.053683521,0.058122538,0.066712146,0.07138954,0.077537493,0.0855967,0.087920702,0.088644933
9/1/1992,0.076034686,0.045905795,0.04979027,0.052060195,0.058136368,0.064424069,0.066869898,0.076588203,0.085756341,0.083377009,0.083095704
10/1/1992,0.068592791,0.077600726,0.071272117,0.070073056,0.071466165,0.074914562,0.077644637,0.081089697,0.084851104,0.088624401,0.091272876
11/2/1992,0.077423897,0.059405034,0.057111896,0.059487909,0.062836053,0.069301964,0.074592719,0.080224897,0.085459121,0.090708121,0.093272163
12/1/1992,0.06428849,0.079220434,0.073930931,0.072674876,0.074016366,0.077372875,0.080234424,0.084394836,0.08854941,0.09026677,0.091318825
1/4/1993,0.061283228,0.068079038,0.070089815,0.071130059,0.07153117,0.073899988,0.077438861,0.081127482,0.083981568,0.089078189,0.090903241
2/1/1993,0.05619128,0.062376197,0.067288823,0.070944426,0.072327003,0.074741873,0.078509081,0.083684021,0.08676671,0.089500733,0.091503745
3/1/1993,0.048980622,0.057086902,0.06227307,0.06602824,0.066661,0.065785073,0.067785501,0.075302503,0.083473395,0.085403362,0.088081938
4/1/1993,0.046692728,0.055710939,0.061129118,0.065470716,0.068002209,0.071758902,0.075186987,0.079314556,0.084091782,0.088446289,0.088733574
5/3/1993,0.045164552,0.051706725,0.058332947,0.063911311,0.066772035,0.06914331,0.071788785,0.07776588,0.084707211,0.087701898,0.089277516
6/1/1993,0.042005294,0.04744852,0.057702087,0.063876609,0.06656606,0.069684057,0.071997765,0.075571746,0.083033521,0.087380475,0.08588491
7/2/1993,0.038451186,0.046768844,0.051298336,0.058663228,0.062304678,0.066877773,0.071264378,0.073570509,0.07963788,0.090829066,0.089185554
8/3/1993,0.042580448,0.040823865,0.048309143,0.054663906,0.058087029,0.064331538,0.069381278,0.071455577,0.077359922,0.08752804,0.085535061
9/1/1993,0.042197049,0.048956113,0.052162902,0.056645415,0.058612213,0.062361215,0.066661184,0.067550567,0.07236756,0.087740745,0.087020105
10/1/1993,0.042580448,0.049497311,0.052363668,0.056816138,0.059981324,0.064902624,0.068731667,0.070729946,0.076550468,0.088104548,0.086090614
11/1/1993,0.038162461,0.044034542,0.045601002,0.050175264,0.053945429,0.061116985,0.06701198,0.068909387,0.072825404,0.087942076,0.088628158
12/1/1993,0.035367144,0.041557237,0.044028862,0.048976637,0.052913289,0.059747737,0.065709991,0.069027918,0.073280351,0.08807946,0.089992221
1/4/1994,0.035463664,0.037501894,0.041929538,0.046805695,0.05131208,0.058935749,0.064063762,0.069303342,0.075820254,0.078242743,0.077128611
2/1/1994,0.034787825,0.035330207,0.0399497,0.045055322,0.049470179,0.056785723,0.061507651,0.0657245,0.071287751,0.074838538,0.075279109
3/1/1994,0.045451263,0.037673854,0.047710846,0.053581569,0.057401943,0.064426973,0.069195699,0.072865946,0.077785862,0.080578227,0.079895226
4/4/1994,0.052687322,0.062901161,0.0684716,0.074297796,0.078316018,0.081720026,0.082663034,0.083883894,0.086685554,0.087363398,0.086446588
5/2/1994,0.053825087,0.060086675,0.067336334,0.072365899,0.075037305,0.078184161,0.080727667,0.083584778,0.085172367,0.086087958,0.086763186
6/1/1994,0.054393484,0.062463114,0.07072747,0.077124902,0.080616303,0.084113451,0.08611445,0.087945266,0.08860694,0.088749817,0.08900306
7/4/1994,0.051928093,0.062605709,0.077885942,0.084400333,0.086519269,0.089041578,0.091043636,0.092982492,0.09376975,0.09313032,0.092825072
8/2/1994,0.051168287,0.054668854,0.071607618,0.079903241,0.083006139,0.086491993,0.088766404,0.090975048,0.092182682,0.091438025,0.09083671
9/1/1994,0.047837329,0.056094102,0.067887077,0.076307513,0.079851452,0.082803382,0.085133932,0.087945289,0.089158693,0.089077994,0.088761413
10/3/1994,0.048027969,0.052125293,0.065755615,0.075058589,0.079353088,0.083610517,0.08649708,0.089254882,0.090703032,0.090942013,0.090652982
11/1/1994,0.05259245,0.053814033,0.06839136,0.077379989,0.081340108,0.085735329,0.08909674,0.092280507,0.093673976,0.09364105,0.093633807
12/1/1994,0.053730322,0.061577579,0.07381305,0.081645109,0.084867358,0.087224866,0.088873591,0.090885439,0.091412951,0.090978772,0.091167919
1/3/1995,0.070924338,0.067842499,0.083464484,0.088447424,0.089101079,0.089653427,0.09038457,0.09091167,0.091398851,0.091348893,0.090932347
2/1/1995,0.073715038,0.078503507,0.085111343,0.088996537,0.089806422,0.089834013,0.090240303,0.090889438,0.091184791,0.091348167,0.091141652
3/1/1995,0.077146209,0.077562689,0.076692239,0.080171838,0.080775625,0.081534885,0.083970572,0.085926594,0.087373582,0.0878174,0.087337486
4/3/1995,0.074921927,0.082306502,0.079087065,0.078232217,0.078869945,0.08099313,0.082943018,0.084900903,0.086388592,0.086971388,0.086952349
5/1/1995,0.072320662,0.076855381,0.07502861,0.07535865,0.076364995,0.078732559,0.080878691,0.083085099,0.084883248,0.085527255,0.08551332
6/1/1995,0.065974989,0.074144568,0.069876449,0.069610233,0.070824149,0.073688021,0.076075936,0.079021802,0.081930341,0.082750623,0.083217286
7/4/1995,0.062505205,0.066764497,0.067273383,0.069665498,0.071813776,0.07504103,0.07735714,0.079876621,0.082534994,0.083898624,0.084233124
8/1/1995,0.059777204,0.067550057,0.071562647,0.074243521,0.076261467,0.079691118,0.082100059,0.084699199,0.087692184,0.088781115,0.088875376
9/1/1995,0.059965581,0.063917966,0.066603728,0.069110696,0.071152673,0.074585849,0.076845378,0.079318403,0.082574121,0.083854169,0.083908028
10/2/1995,0.067658648,0.063259905,0.064720083,0.066780477,0.068886379,0.072410155,0.074884941,0.077468524,0.080689748,0.082492721,0.082547633
11/1/1995,0.055907632,0.059771923,0.062287233,0.065516996,0.068197564,0.072034333,0.074495933,0.076978771,0.080200435,0.081928796,0.081934837
12/1/1995,0.053445976,0.059289571,0.058215315,0.060486381,0.062993137,0.066876739,0.069577392,0.072364975,0.07550356,0.077116845,0.077300592
1/2/1996,0.049932369,0.054844186,0.056178894,0.058439001,0.061369899,0.066486429,0.069326116,0.072145449,0.076154953,0.077677599,0.077711217
2/1/1996,0.049837235,0.052572991,0.051974437,0.05401479,0.057460033,0.064017069,0.067918211,0.071333264,0.076256375,0.079068914,0.079485447
3/1/1996,0.047455941,0.052446514,0.053070483,0.057046241,0.060881207,0.066833833,0.071322308,0.076049334,0.080033597,0.08172522,0.082018818
4/1/1996,0.045546815,0.050406144,0.054174079,0.060389114,0.064659991,0.069702517,0.073497649,0.077794336,0.08150874,0.082864383,0.082786353
5/1/1996,0.044686518,0.045531603,0.053723761,0.061163036,0.065528554,0.071252314,0.075434086,0.0796727,0.083552983,0.084285728,0.083836762
6/3/1996,0.044399587,0.046257651,0.054121373,0.061598609,0.066277602,0.071755233,0.074954055,0.078280026,0.081722558,0.082675553,0.082400636
7/2/1996,0.042292912,0.0454851,0.054599903,0.062357565,0.066540128,0.071217323,0.074313034,0.077897179,0.081711298,0.082830637,0.082570485
8/1/1996,0.036621183,0.043631126,0.050602326,0.057204574,0.061663651,0.067740005,0.071605485,0.075613883,0.079924452,0.081092014,0.080776901
9/3/1996,0.037006726,0.039932855,0.048700965,0.056599687,0.061489854,0.067669111,0.071841758,0.076127987,0.080057744,0.081300714,0.081127176
10/1/1996,0.030141157,0.038442221,0.042419073,0.049873138,0.055628221,0.062743335,0.06765174,0.073048877,0.077454131,0.078902097,0.079154001
11/1/1996,0.026934001,0.031778774,0.03462845,0.0421724,0.048092655,0.055154717,0.060299013,0.066368324,0.070676393,0.072264181,0.073103967
12/2/1996,0.025180299,0.028888282,0.031406731,0.038842533,0.044586695,0.052647517,0.057863351,0.062493429,0.068594613,0.070918509,0.070420392
1/2/1997,0.026739297,0.030235121,0.038785589,0.046631807,0.051902992,0.058599371,0.062903612,0.067510565,0.072702128,0.074860099,0.07469897
2/3/1997,0.026836654,0.028377449,0.035545214,0.042840899,0.048535632,0.056904443,0.062059498,0.067007313,0.073177461,0.075492698,0.074898085
3/3/1997,0.027906953,0.028569134,0.036967623,0.044159439,0.049263419,0.05668959,0.061417516,0.066183504,0.071820287,0.073632775,0.073209342
4/1/1997,0.028393075,0.032027661,0.042714216,0.05022865,0.055146707,0.061789627,0.065514784,0.069345985,0.074402509,0.075818944,0.075357615
5/1/1997,0.026836654,0.032127378,0.040572518,0.048299849,0.053754123,0.060370295,0.06368287,0.067314633,0.072123435,0.073174782,0.07261477
6/2/1997,0.025472796,0.029914612,0.038415931,0.046413628,0.052001409,0.058631938,0.062176849,0.066103701,0.070919987,0.072145549,0.071540588
7/2/1997,0.029073247,0.030694659,0.040167013,0.047440176,0.051499308,0.056547771,0.059732825,0.063274391,0.06857359,0.070384284,0.069277233
8/1/1997,0.02586266,0.032875796,0.041829591,0.047470847,0.050284392,0.054114444,0.056936656,0.05996949,0.064031827,0.065878277,0.065533535
9/2/1997,0.02508278,0.030730151,0.040193866,0.046265354,0.049813776,0.05463596,0.057621904,0.060725984,0.065758837,0.067936484,0.067196414
10/1/1997,0.033241334,0.032351213,0.039562756,0.045764475,0.048650659,0.051914682,0.054604106,0.057582763,0.062480865,0.064685989,0.064110198
11/3/1997,0.033434776,0.038356244,0.04061334,0.045744887,0.048453972,0.051114586,0.053446158,0.056144044,0.060567819,0.062385631,0.061674154
12/1/1997,0.032563991,0.038353807,0.04429399,0.049093813,0.050844673,0.052926795,0.054597353,0.056011127,0.059566235,0.060687959,0.059762195
1/2/1998,0.03575317,0.042289087,0.048052963,0.05080572,0.051558256,0.052959829,0.054111833,0.055170866,0.059019187,0.060288375,0.059143357
2/2/1998,0.044399587,0.045643377,0.049273755,0.051076105,0.051540734,0.052281984,0.053113475,0.053969844,0.057368273,0.058528671,0.05753145
3/2/1998,0.04449524,0.046574825,0.049045798,0.051140002,0.051725468,0.05275224,0.053971142,0.055075696,0.058254979,0.059637898,0.058777334
4/1/1998,0.045355702,0.04497622,0.047520918,0.049324636,0.049902433,0.050883134,0.051925734,0.0531063,0.056085716,0.057736078,0.057301265
5/1/1998,0.043729763,0.04816553,0.049252898,0.050269041,0.050614968,0.051525415,0.052337886,0.053269645,0.056136359,0.057340882,0.056580384
6/1/1998,0.044686518,0.046538607,0.049857863,0.050915936,0.050922485,0.051327372,0.051873779,0.052611756,0.055007929,0.0565868,0.055973605
7/2/1998,0.046310903,0.048551793,0.050445239,0.051340069,0.051675356,0.051832351,0.052041767,0.052645414,0.053716649,0.054705754,0.054927919
8/4/1998,0.045068963,0.049571288,0.051975187,0.052946919,0.053351013,0.053312468,0.053370481,0.053957846,0.054205217,0.054780254,0.055724313
9/1/1998,0.046883586,0.054451942,0.056168676,0.055468006,0.054965307,0.054873359,0.054596123,0.05444963,0.056155925,0.056714378,0.055694926
10/1/1998,0.047074407,0.049063849,0.04746905,0.04634742,0.04588864,0.046373714,0.047569619,0.047990489,0.047733306,0.052169422,0.056478386
11/2/1998,0.045068963,0.047808416,0.046980794,0.047269078,0.047992189,0.049288519,0.050504449,0.052342445,0.05427057,0.055790529,0.056964891
12/1/1998,0.043921187,0.047606481,0.047378051,0.047297444,0.047303669,0.047385094,0.047904956,0.04917983,0.050910463,0.0529454,0.054458422
1/4/1999,0.044686518,0.04615573,0.046898561,0.047197139,0.047338016,0.047392093,0.047815956,0.04902834,0.050587269,0.05225911,0.053625465
2/1/1999,0.048123275,0.047094902,0.047760051,0.048012794,0.048244139,0.048347911,0.048619758,0.049612132,0.051048141,0.052531148,0.053744655
3/1/1999,0.045451263,0.049561412,0.051573054,0.053058061,0.053695966,0.053652758,0.05352925,0.053821491,0.053643358,0.054194073,0.055568263
4/1/1999,0.045164552,0.047173624,0.047085792,0.04805501,0.048753093,0.049301381,0.04972233,0.050630211,0.051626127,0.053099574,0.054767719
5/3/1999,0.043059489,0.045126541,0.045952435,0.047743404,0.049073993,0.050288029,0.051062059,0.052231004,0.052739324,0.054049476,0.056018177
6/1/1999,0.04315527,0.045830116,0.050661645,0.053707787,0.054656566,0.054770621,0.054904252,0.055254161,0.054956436,0.055671197,0.056605624
7/2/1999,0.044686518,0.046526833,0.049713394,0.051754355,0.052714363,0.053537936,0.054061204,0.054674363,0.055451935,0.056584453,0.056715525
8/3/1999,0.044112575,0.046460573,0.052182046,0.054375413,0.054964692,0.056132692,0.056532295,0.056741457,0.059080469,0.059693261,0.057804674
9/1/1999,0.04315527,0.047053185,0.053222145,0.055549382,0.056111356,0.056861574,0.056811573,0.056999843,0.059866646,0.06016608,0.057644389
10/1/1999,0.044016885,0.04647694,0.05214405,0.055416301,0.056533907,0.057516528,0.057689945,0.058244658,0.061173833,0.061502505,0.058805557
11/1/1999,0.044590883,0.046426989,0.054031017,0.057441951,0.058312898,0.059186557,0.059234086,0.059711148,0.062829269,0.062785889,0.059862274
12/1/1999,0.045260131,0.046313481,0.055248868,0.059141824,0.060146426,0.060776221,0.060561426,0.06089472,0.063537593,0.063061943,0.060320369
1/4/2000,0.046215424,0.048848313,0.05633245,0.060529643,0.062205609,0.063013287,0.063142586,0.063566932,0.064799119,0.06506099,0.063166769
2/1/2000,0.046310903,0.050389311,0.058224112,0.062270067,0.063687442,0.064601112,0.064318333,0.064261747,0.065622005,0.063684066,0.059859476
3/1/2000,0.049742092,0.048152789,0.056634256,0.059549481,0.060499474,0.061313399,0.060642999,0.060535937,0.062245954,0.059167344,0.054782934
4/3/2000,0.047741996,0.051997514,0.057834439,0.059276147,0.059409446,0.059575835,0.058758262,0.058423598,0.060668064,0.058890634,0.054881181
5/1/2000,0.050693114,0.053646495,0.05914098,0.061795663,0.062395209,0.062169,0.061837965,0.061559496,0.061828377,0.061162392,0.057461419
6/1/2000,0.053161548,0.05657677,0.060130072,0.061045945,0.060777105,0.059968262,0.059438862,0.058834617,0.059202593,0.059709882,0.056226817
7/4/2000,0.053066721,0.055387366,0.057999516,0.058540137,0.0585525,0.058322896,0.057978507,0.057534879,0.058360954,0.059284255,0.056113648
8/1/2000,0.052497569,0.056027513,0.058340839,0.059279334,0.059509729,0.059089428,0.058393398,0.057838916,0.058755145,0.059358309,0.055655138
9/1/2000,0.052497569,0.056802156,0.056963925,0.057229635,0.05726011,0.057075847,0.05659906,0.055958742,0.057155041,0.058619416,0.055619979
10/2/2000,0.052497569,0.055346996,0.056468962,0.057025219,0.057292127,0.057444183,0.05737088,0.0572841,0.058232234,0.059570068,0.057917576
11/1/2000,0.053445976,0.055732126,0.057036398,0.057734736,0.057976922,0.058047963,0.057893775,0.057649909,0.058586104,0.059917892,0.057802618
12/1/2000,0.053066721,0.056754461,0.055942351,0.055638327,0.055503686,0.055281029,0.055001116,0.054939864,0.056536526,0.057925981,0.055938383
1/2/2001,0.050407903,0.054471425,0.051330428,0.050596863,0.050954475,0.05139149,0.051892445,0.052542151,0.052677081,0.056204426,0.058539988
2/1/2001,0.049171044,0.052025811,0.04820115,0.04827365,0.049436907,0.051369253,0.052425424,0.053831628,0.056828959,0.059235069,0.058565161
3/1/2001,0.045928932,0.050382745,0.047211057,0.047881836,0.049159801,0.05085514,0.052056409,0.053216745,0.05387429,0.057402439,0.059689515
4/2/2001,0.044590883,0.046307369,0.046160562,0.048050955,0.049787943,0.052146589,0.053646478,0.055384307,0.057857287,0.060118404,0.060299446
5/1/2001,0.042292912,0.04416856,0.04451341,0.047775252,0.050598357,0.053946132,0.05578494,0.057917696,0.06015171,0.061573336,0.061495986
6/1/2001,0.041909403,0.04422568,0.044760107,0.048766375,0.051978983,0.055152996,0.056488947,0.058181144,0.059848311,0.060762161,0.060262366
7/3/2001,0.039989648,0.043214205,0.045787284,0.050275947,0.053527025,0.056638466,0.057931979,0.059466054,0.060949508,0.061993345,0.061429258
8/1/2001,0.037392119,0.040247637,0.042006797,0.046740891,0.050285196,0.053855214,0.055466389,0.057407248,0.059669805,0.061323696,0.060880053
9/4/2001,0.030917103,0.03790583,0.038775089,0.043379476,0.047264286,0.051427284,0.053362248,0.055742874,0.058443366,0.060146839,0.060040055
10/1/2001,0.023716527,0.030577245,0.030301444,0.035255702,0.040341818,0.047113575,0.050907317,0.054736615,0.058305241,0.060636492,0.060763311
11/1/2001,0.021174235,0.024509911,0.023614978,0.029416572,0.035194525,0.043071048,0.047611098,0.0506101,0.054125647,0.056878005,0.055129858
12/3/2001,0.01960653,0.021222113,0.022872192,0.031073651,0.037451088,0.045240647,0.049964234,0.052394019,0.055413089,0.05898285,0.056962473
1/2/2002,0.019116117,0.019678204,0.023039261,0.033082024,0.040467579,0.048721463,0.053256373,0.055470774,0.057774467,0.060783187,0.058844625
2/1/2002,0.019312311,0.02038237,0.024870066,0.034166464,0.040919589,0.048720129,0.052954311,0.054917244,0.057139485,0.060443204,0.058810496
3/1/2002,0.019410394,0.020795591,0.026839148,0.035956861,0.041959526,0.048945122,0.05306443,0.055192806,0.057483351,0.061027718,0.060139929
4/1/2002,0.021565778,0.021848635,0.033963449,0.043827129,0.048853841,0.054162188,0.057093939,0.058417714,0.059763487,0.062146248,0.061118771
5/1/2002,0.023618866,0.023779449,0.03221298,0.04067226,0.045633248,0.051132856,0.054496664,0.056710989,0.05853401,0.060712828,0.06005882
6/3/2002,0.024692613,0.026025982,0.0337769,0.041051113,0.04519906,0.05017939,0.053502069,0.055429855,0.057278532,0.060013282,0.059361877
7/2/2002,0.025667747,0.027169813,0.032114183,0.038493693,0.04283657,0.048312363,0.051964795,0.054513321,0.057263922,0.059865104,0.05907168
8/1/2002,0.026836654,0.028711656,0.028409705,0.032270474,0.036975845,0.044644272,0.049674372,0.053347094,0.056990678,0.059833205,0.059163241
9/3/2002,0.025765208,0.029546516,0.030048073,0.033903782,0.03719657,0.042495293,0.046909867,0.049987734,0.052847933,0.056391797,0.056166517
10/1/2002,0.026252371,0.027777967,0.0297134,0.033790692,0.037177018,0.043021762,0.047740763,0.050930249,0.053806667,0.0573646,0.057236491
11/1/2002,0.026544555,0.028316219,0.028407118,0.032500553,0.036471209,0.042974855,0.048147117,0.051998535,0.055462285,0.058670368,0.05789336
12/2/2002,0.025472796,0.027598842,0.029910261,0.034572857,0.038486798,0.04466027,0.0492736,0.052661397,0.055730955,0.058236231,0.057285875
1/2/2003,0.026641931,0.027564114,0.02857545,0.032614463,0.036185468,0.042170129,0.046932359,0.050560809,0.05434802,0.057414845,0.056529297
2/3/2003,0.02644717,0.028124949,0.032333884,0.036181805,0.038999786,0.044245353,0.048395288,0.051500262,0.054741409,0.05731974,0.056506056
3/3/2003,0.02849027,0.029031837,0.032162583,0.035176982,0.037767649,0.043058073,0.047240391,0.050421454,0.054152163,0.056971279,0.05617536
4/1/2003,0.030044121,0.031250977,0.034981755,0.038276929,0.04081932,0.045655374,0.049379723,0.052283673,0.055648825,0.058099329,0.057343766
5/1/2003,0.031401763,0.032586522,0.034310848,0.036381339,0.03865209,0.043397247,0.047060199,0.05012098,0.053755054,0.056207598,0.055561764
6/2/2003,0.030529205,0.03248549,0.031478794,0.03230056,0.034018984,0.038775059,0.042839084,0.045866084,0.049766901,0.052856377,0.052374926
7/2/2003,0.02849027,0.031309941,0.028824186,0.030576979,0.032992494,0.038291658,0.042848124,0.04619397,0.050092917,0.053345925,0.052955893
8/5/2003,0.027128667,0.027804197,0.028334685,0.031269094,0.03546591,0.042377766,0.047553434,0.050964175,0.053610371,0.05672176,0.056398223
9/2/2003,0.025667747,0.027599313,0.028172672,0.032397262,0.036019309,0.042289072,0.047152488,0.050175555,0.053432806,0.056536147,0.055830101
10/1/2003,0.026057534,0.026692232,0.025248773,0.029010487,0.03232829,0.038226545,0.04319985,0.046491387,0.050496352,0.054138641,0.053602239
11/3/2003,0.02644717,0.027361835,0.027371382,0.031979208,0.035907975,0.04216641,0.046912289,0.050024617,0.053424892,0.056635676,0.056011052
12/1/2003,0.025570276,0.027085108,0.027457779,0.032108269,0.036030039,0.042162316,0.046668761,0.049548053,0.05277646,0.05594332,0.055245261
1/2/2004,0.02264173,0.026989626,0.025874591,0.030483757,0.034756409,0.041398674,0.046099329,0.048968848,0.052362974,0.055773711,0.055231699
2/2/2004,0.021467907,0.023611062,0.022598349,0.026871538,0.031090299,0.038244744,0.043535046,0.046873274,0.050659339,0.054834083,0.054631534
3/1/2004,0.019704583,0.021997506,0.020940418,0.024611569,0.028695996,0.036064522,0.041508944,0.044988337,0.048649353,0.053000988,0.05322084
4/1/2004,0.018527305,0.020823286,0.01991303,0.024309025,0.028654196,0.036006864,0.041483699,0.045083791,0.048896655,0.053419738,0.053638166
5/3/2004,0.019214219,0.020104022,0.020992639,0.026655866,0.031535307,0.038963039,0.044257689,0.04746345,0.050684121,0.054913798,0.055024855
6/1/2004,0.019214219,0.021132226,0.025285196,0.031565623,0.035919309,0.042342643,0.046849936,0.04917156,0.051860647,0.055751086,0.055497185
7/2/2004,0.019116117,0.021412346,0.02534573,0.03174213,0.035973291,0.042017767,0.046255641,0.048355638,0.051238724,0.055263962,0.054809282
8/3/2004,0.018919885,0.021472929,0.025218085,0.031688011,0.035866955,0.041722647,0.045927043,0.047827754,0.050726422,0.054651563,0.054269947
9/7/2004,0.02264173,0.024778512,0.028116138,0.032661324,0.035947938,0.041482107,0.045486506,0.047397961,0.050402468,0.054170128,0.053921929
10/1/2004,0.023716527,0.026413687,0.028207442,0.032666321,0.035861897,0.041090465,0.045064572,0.046921696,0.049778658,0.053616813,0.053462119
11/1/2004,0.024009452,0.027033158,0.028724855,0.032385992,0.035152242,0.039738924,0.043400092,0.045594477,0.048424066,0.051838304,0.0518367
12/1/2004,0.022739487,0.026123198,0.026461991,0.030093138,0.033069949,0.038143937,0.042426563,0.045117216,0.048075452,0.05170167,0.051834052
1/4/2005,0.023032699,0.025281245,0.026862417,0.030606678,0.033350067,0.037964044,0.041752812,0.04407321,0.046959687,0.050452705,0.050575416
2/1/2005,0.022152805,0.02501947,0.025956475,0.029531782,0.032115243,0.036625109,0.04060109,0.043008393,0.045703554,0.049125628,0.04919057
3/1/2005,0.024204689,0.025237891,0.026717702,0.030020613,0.032622435,0.037383515,0.041296621,0.043556796,0.046420171,0.049578149,0.049252163
4/1/2005,0.023521195,0.025791817,0.028548625,0.032041435,0.034186393,0.038165855,0.041619558,0.043412736,0.045935598,0.048867426,0.048368544
5/2/2005,0.023618866,0.025264387,0.027086578,0.030406799,0.032501169,0.036483719,0.040040473,0.04188324,0.044627784,0.047781647,0.047293894
6/1/2005,0.023032699,0.024657292,0.025657753,0.027597429,0.029369277,0.033335371,0.036676891,0.039033683,0.042366587,0.044739924,0.043989825
7/4/2005,0.023325825,0.025333119,0.02749796,0.029557141,0.030917266,0.034153927,0.03721831,0.039452953,0.042676158,0.044933097,0.04421149
8/2/2005,0.024887716,0.026558251,0.028945516,0.030780959,0.032155616,0.035337139,0.038173222,0.040377578,0.043234452,0.044968697,0.044181713
9/1/2005,0.026544555,0.026700821,0.027074216,0.028643637,0.029888972,0.032718624,0.035525451,0.037714018,0.040736602,0.042714094,0.041928771
10/3/2005,0.028295869,0.029533456,0.031923667,0.033255704,0.034165603,0.036235203,0.038240565,0.040068949,0.042359963,0.04359587,0.042932946
11/1/2005,0.030141157,0.031471198,0.034773592,0.03621541,0.036978406,0.038746784,0.040394589,0.041766802,0.043619452,0.044582593,0.043780687
12/1/2005,0.030141157,0.034067425,0.036604491,0.037387832,0.037737426,0.038527451,0.039410438,0.040446278,0.041895779,0.042693195,0.041902836
1/3/2006,0.032854337,0.034711705,0.037377179,0.037908217,0.038055601,0.038481625,0.038992309,0.03958107,0.040643509,0.041266786,0.040605962
2/1/2006,0.034014879,0.035708176,0.037875578,0.038771597,0.039320753,0.040267673,0.041008201,0.041724875,0.042731399,0.043207235,0.0425144
3/1/2006,0.03575317,0.037607432,0.039022281,0.039421204,0.039733487,0.040409325,0.040919538,0.041353292,0.042084777,0.04236256,0.041448314
4/3/2006,0.038162461,0.038945149,0.039770854,0.040049876,0.04059482,0.041773251,0.042435681,0.042687798,0.043177093,0.043465255,0.042488414
5/1/2006,0.040469933,0.041049978,0.04106206,0.041432134,0.04214206,0.043526016,0.044431489,0.04492913,0.045577026,0.045902366,0.04514429
6/1/2006,0.040085724,0.041820702,0.041552168,0.04122634,0.041514468,0.04251112,0.043234223,0.043791544,0.044445787,0.044685794,0.044058137
7/4/2006,0.039413002,0.0430369,0.043962805,0.043960184,0.044128732,0.044748085,0.045292564,0.045800481,0.046456343,0.046605209,0.045867755
8/1/2006,0.040661982,0.042025311,0.041426259,0.040861334,0.040921868,0.041615863,0.04226889,0.04298279,0.043908059,0.044074791,0.043392519
9/1/2006,0.040373894,0.041539356,0.04013454,0.039140905,0.038993349,0.039412574,0.039852416,0.040500693,0.041765433,0.042068061,0.041437128
10/2/2006,0.040373894,0.04129227,0.039742993,0.038596364,0.038222926,0.038392427,0.038845415,0.03955664,0.040682509,0.041038218,0.040429206
11/1/2006,0.040565962,0.041489028,0.040002117,0.038767676,0.038330613,0.038472368,0.038954229,0.039681796,0.040725093,0.040981622,0.040312597
12/1/2006,0.040085724,0.041111557,0.038939023,0.037402606,0.036914381,0.037162944,0.037743031,0.038529568,0.039671463,0.040032656,0.039394595
1/2/2007,0.040661982,0.042231597,0.040510818,0.039356424,0.038968161,0.039288478,0.039847589,0.040414914,0.041253306,0.041496617,0.0407962
2/1/2007,0.041141943,0.042450276,0.041468258,0.040701468,0.040395536,0.040744425,0.041279845,0.041747125,0.042496132,0.042627833,0.041819205
3/1/2007,0.040661982,0.041889785,0.040060571,0.038874006,0.038631095,0.039049254,0.039516442,0.040097091,0.041145268,0.041296,0.040502013
4/2/2007,0.040277846,0.041772543,0.040584927,0.039573968,0.039367503,0.039814394,0.040346826,0.041025726,0.042169087,0.042396161,0.041654479
5/1/2007,0.040853994,0.041665999,0.041919848,0.041158174,0.040647047,0.040639728,0.04095876,0.041322442,0.04209104,0.042205703,0.041495185
6/1/2007,0.040565962,0.04307379,0.04495548,0.045440617,0.045373212,0.044953013,0.044695055,0.044502127,0.044072319,0.043556133,0.042819937
7/3/2007,0.042005294,0.044054151,0.045654295,0.045498241,0.045186481,0.045037911,0.045020632,0.044897451,0.045000491,0.044743045,0.04393414
8/1/2007,0.038258712,0.045379158,0.046374904,0.045835874,0.045381671,0.045004234,0.044739392,0.044476773,0.044735736,0.044495679,0.043592782
9/4/2007,0.038258712,0.041752844,0.042972708,0.043055788,0.042991034,0.043112539,0.043300197,0.04354358,0.04421849,0.044390593,0.043809347
10/1/2007,0.039509133,0.04075482,0.040946958,0.040743547,0.040911858,0.041593485,0.042219274,0.042977303,0.044076207,0.044447121,0.043948572
11/1/2007,0.038066201,0.041066967,0.041075048,0.040740775,0.040800196,0.041199198,0.041589379,0.04224685,0.043345765,0.043573375,0.043049405
12/3/2007,0.036139047,0.039464637,0.037051763,0.035659318,0.035768254,0.036838911,0.037693708,0.038880439,0.040853634,0.041440962,0.040899994
1/2/2008,0.033434776,0.038327245,0.036641277,0.036220487,0.036651317,0.037588058,0.038251894,0.039156571,0.040701001,0.041077735,0.040434968
2/1/2008,0.031692447,0.034208905,0.031734202,0.031439515,0.032585742,0.034944962,0.036587998,0.03876924,0.041659175,0.042425765,0.041965191
3/3/2008,0.016857117,0.030646702,0.027698685,0.027588986,0.028997507,0.031867626,0.034114186,0.037290038,0.041169957,0.042134096,0.041777595
4/1/2008,0.027420596,0.023097414,0.026463584,0.028006948,0.029150401,0.031286149,0.033544514,0.036919609,0.040860621,0.041805564,0.041080476
5/1/2008,0.025180299,0.026953972,0.026728442,0.027597169,0.028889957,0.031216635,0.033476655,0.037097082,0.04136039,0.042187605,0.041488537
6/2/2008,0.023325825,0.025977081,0.027231508,0.029089958,0.030437897,0.032445227,0.034574141,0.037744064,0.041638936,0.042509343,0.041572423
7/2/2008,0.022739487,0.02631487,0.031045222,0.032707057,0.033432601,0.034623446,0.036048531,0.038513428,0.041791618,0.042282489,0.041182773
8/1/2008,0.021957167,0.024648876,0.027676294,0.029262923,0.030386273,0.032373977,0.034175525,0.037291528,0.04203113,0.04281678,0.041377429
9/2/2008,0.018821754,0.024654117,0.026026657,0.026823294,0.027912854,0.030190541,0.032320968,0.036010572,0.041396796,0.042319834,0.040865741
10/1/2008,0.018330957,0.018328907,0.025641349,0.027878623,0.029076389,0.032077272,0.034829075,0.038418285,0.043541303,0.04449075,0.04281051
11/3/2008,0.01813457,0.017678343,0.018874226,0.020953429,0.023945349,0.03007259,0.034730105,0.040032014,0.046322185,0.046863923,0.0441995
12/1/2008,0.007074914,0.015412886,0.014992875,0.016381853,0.019003877,0.024172769,0.028129177,0.033477301,0.040946845,0.042025909,0.039142021
1/2/2009,0.006677655,0.008309533,0.008907656,0.011881491,0.015043142,0.020238583,0.024538511,0.030533478,0.038218173,0.03944816,0.036986296
2/2/2009,0.005683816,0.009051335,0.010088723,0.013954155,0.017227824,0.021870181,0.026058144,0.032246673,0.040063277,0.041135176,0.038427024
3/2/2009,0.003394233,0.005360878,0.007357913,0.011044043,0.014300594,0.019119486,0.023579588,0.031075013,0.040197191,0.040770649,0.03784352
4/1/2009,0.001498876,0.003358239,0.006404694,0.010340357,0.013354773,0.017791119,0.021989933,0.029039965,0.038199409,0.039681095,0.037343692
5/1/2009,0.001598721,0.001623504,0.004333316,0.009528863,0.014213531,0.020714935,0.025506165,0.032575821,0.041307438,0.042382109,0.040142042
6/1/2009,0.001698557,0.00163873,0.005183072,0.012556878,0.01870641,0.025897223,0.030062047,0.036034454,0.043461976,0.043937844,0.041748603
7/2/2009,0.001798382,0.00304541,0.004476765,0.012639602,0.018914704,0.025286141,0.029403544,0.034993033,0.041543015,0.042162421,0.039786997
8/4/2009,0.001199281,0.002223204,0.006142735,0.013933115,0.020409239,0.027687938,0.031571226,0.037055933,0.043694108,0.043552915,0.041146123
9/1/2009,0.001798382,0.002479278,0.005235791,0.012613737,0.018910268,0.025603947,0.029335895,0.035372373,0.042495772,0.042288044,0.039879454
10/1/2009,0.001798382,0.002058366,0.00537468,0.012619837,0.018622128,0.025117099,0.028700115,0.034339559,0.041399093,0.041573252,0.039271044
11/2/2009,0.001698557,0.00219537,0.005938442,0.013462566,0.019844521,0.027039942,0.030850596,0.03636428,0.042991447,0.042624498,0.040302769
12/1/2009,0.001299156,0.002207196,0.004567406,0.01109268,0.017066063,0.024303996,0.028620567,0.034793463,0.042023793,0.042212841,0.039969034
1/4/2010,0.001299156,0.001596703,0.007380743,0.015068948,0.020958278,0.028189305,0.032664996,0.03831509,0.044306968,0.044181262,0.041920182
2/1/2010,0.001399021,0.001485647,0.00596481,0.012907481,0.01847603,0.025528996,0.030214566,0.036244585,0.042278969,0.042629714,0.041067056
3/1/2010,0.001998003,0.001763923,0.00662844,0.013657942,0.019271232,0.026359057,0.030845857,0.036421139,0.042174229,0.042730913,0.041512091
4/1/2010,0.001798382,0.00255961,0.01001063,0.017802367,0.022973659,0.028989856,0.032850852,0.037472675,0.041751093,0.042324032,0.041535073
5/3/2010,0.001399021,0.004100485,0.012637678,0.019804003,0.024438607,0.030102877,0.033578735,0.037133351,0.040792432,0.041829276,0.040946495
6/1/2010,0.002796087,0.00537419,0.011002099,0.01746817,0.02178558,0.026612694,0.029892022,0.033621483,0.037613992,0.03907387,0.038122278
7/2/2010,0.00548493,0.005318323,0.010064836,0.015013112,0.018954117,0.024470155,0.028106978,0.032147677,0.036792713,0.038348159,0.037791705
8/3/2010,0.004290781,0.007557728,0.010624417,0.014342771,0.01785099,0.023425219,0.0275601,0.032467369,0.037734064,0.039044728,0.038300059
9/1/2010,0.008364916,0.008116195,0.009984873,0.012542423,0.015459372,0.020700702,0.024848153,0.029909737,0.035666362,0.037086658,0.036362446
10/1/2010,0.008662373,0.009748242,0.011970735,0.013806745,0.015817775,0.020115229,0.02430097,0.029587,0.034528695,0.03554954,0.035169643
11/1/2010,0.009257021,0.009441068,0.011833912,0.013874308,0.015794912,0.020016122,0.024451314,0.030065997,0.034813611,0.03602977,0.0362193
12/1/2010,0.009157938,0.010495682,0.013546391,0.016768685,0.01964264,0.024614421,0.028703924,0.033154116,0.036475302,0.037216346,0.037267913
1/4/2011,0.008761506,0.010688919,0.013908546,0.017186099,0.020057773,0.024909503,0.028899824,0.033323211,0.036398892,0.036896268,0.037312425
2/1/2011,0.009058844,0.009826389,0.012918413,0.016793784,0.020370146,0.026225303,0.030619296,0.035184346,0.038545157,0.039159243,0.039272278
3/1/2011,0.008860628,0.009964141,0.013596349,0.017909302,0.021458432,0.026626221,0.030345939,0.034435226,0.037634966,0.03834337,0.038561276
4/1/2011,0.008959741,0.009945442,0.013879643,0.018551828,0.022339171,0.027603611,0.031268247,0.035287388,0.03828327,0.038904355,0.039123423
5/2/2011,0.008761506,0.010623671,0.013873727,0.017661536,0.02083429,0.025760604,0.029513163,0.033660703,0.037229343,0.038395607,0.038495235
6/1/2011,0.008860628,0.009406717,0.012119,0.015345687,0.018059475,0.022629238,0.026476492,0.030736194,0.034172127,0.035702891,0.03623589
7/4/2011,0.009058844,0.009559003,0.012431977,0.015844638,0.018631441,0.023397382,0.027500398,0.031678572,0.034952085,0.036613247,0.036778906
8/2/2011,0.009356095,0.009520427,0.010890944,0.012733629,0.014524253,0.018554646,0.022720686,0.027179342,0.030793656,0.032852871,0.033220218
9/1/2011,0.008166563,0.00911925,0.009390773,0.010348717,0.011905269,0.016000364,0.020166665,0.024991642,0.029496841,0.031910517,0.032393117
10/3/2011,0.008464078,0.00786711,0.007937113,0.008673667,0.009907832,0.01341769,0.017205605,0.021729019,0.026069022,0.028463801,0.028832907
11/1/2011,0.00796817,0.009583866,0.008409754,0.009491767,0.011075082,0.014480895,0.018289378,0.022669687,0.026852179,0.029389412,0.029598962
12/1/2011,0.007571265,0.008646771,0.00882823,0.009491412,0.010842179,0.014545355,0.018257383,0.022454274,0.026420684,0.028526859,0.028632198
1/3/2012,0.008364916,0.008861183,0.009554107,0.009935948,0.010799244,0.013725107,0.017097548,0.021185935,0.025066356,0.027118561,0.027239815
2/1/2012,0.008761506,0.009108554,0.009600158,0.009974834,0.010703646,0.013264812,0.016371211,0.020339119,0.024457098,0.026792577,0.026978132
3/1/2012,0.008860628,0.009233653,0.010338493,0.011327843,0.012246238,0.014643949,0.017492177,0.021314524,0.025422868,0.02760922,0.027810228
4/2/2012,0.009752291,0.009998965,0.01053825,0.012262679,0.013648825,0.016141374,0.019074468,0.022483426,0.025739121,0.027869277,0.028030201
5/1/2012,0.008959741,0.010672124,0.012380638,0.013543271,0.014446481,0.016393057,0.018569834,0.02160395,0.025336187,0.027513172,0.027657559
6/1/2012,0.008761506,0.008614793,0.008624177,0.008900631,0.009438672,0.011270106,0.013546723,0.016761234,0.020946194,0.02358948,0.023843522
7/3/2012,0.009058844,0.009055209,0.009795897,0.010557824,0.011354603,0.013123451,0.015007587,0.017814389,0.022046791,0.024730417,0.024944451
8/1/2012,0.009653257,0.010054948,0.010484199,0.011105631,0.011845424,0.013470649,0.015162376,0.017639081,0.021647727,0.024228686,0.024465034
9/4/2012,0.009554213,0.0104743,0.010986834,0.011342141,0.011847761,0.013325278,0.015158463,0.017970219,0.022094113,0.024432507,0.024563277
10/1/2012,0.009157938,0.010034131,0.010365047,0.010720367,0.011360168,0.012977747,0.014835134,0.017803561,0.022117834,0.024368831,0.02455179
11/1/2012,0.009257021,0.010255666,0.010335253,0.010927576,0.011791204,0.013611422,0.015594292,0.018603197,0.022861713,0.025154035,0.025205184
12/3/2012,0.008959741,0.010153964,0.010328146,0.01080411,0.011510928,0.013162264,0.015009914,0.01777982,0.021974874,0.024420491,0.024480567
1/2/2013,0.009157938,0.009765096,0.010929391,0.011884886,0.012788519,0.014726098,0.016721838,0.019468489,0.023177424,0.025456922,0.025605304
2/1/2013,0.009058844,0.009692049,0.010954934,0.01215536,0.013416277,0.015970578,0.018331997,0.021377151,0.02537849,0.027684279,0.027721059
3/1/2013,0.009455159,0.009692612,0.009438061,0.009797917,0.01077225,0.013287178,0.015766001,0.019104226,0.023750346,0.026380137,0.026501184
4/1/2013,0.009653257,0.010226305,0.009939333,0.010094435,0.010971558,0.01316837,0.015283863,0.01848712,0.023607983,0.026388786,0.026490537
5/1/2013,0.009851316,0.010673642,0.00969831,0.009600435,0.010271262,0.011957243,0.013816668,0.016865075,0.021776476,0.024708638,0.025058568
6/3/2013,0.010049336,0.010608902,0.010385297,0.010960485,0.01225185,0.015192318,0.017716122,0.020780543,0.024929299,0.027243712,0.027317349
7/2/2013,0.009752291,0.010946224,0.011017329,0.012113896,0.014073412,0.018212581,0.021409759,0.024580626,0.027934268,0.029617083,0.029527828
8/1/2013,0.009752291,0.01034187,0.011041689,0.012112438,0.014160381,0.01901055,0.022720358,0.026000389,0.02956347,0.031510284,0.031560024
9/3/2013,0.009554213,0.010726546,0.010980428,0.012444817,0.015018088,0.020207499,0.02394582,0.02739685,0.030921828,0.032660873,0.03259798
10/1/2013,0.008959741,0.010170754,0.010383617,0.011894555,0.014297683,0.019052919,0.022601794,0.02621911,0.030174811,0.031961951,0.031950084
11/1/2013,0.009356095,0.009943419,0.009931363,0.011045125,0.013230626,0.018012287,0.021855005,0.025833739,0.02987662,0.031652476,0.031843846
12/2/2013,0.008860628,0.010097008,0.009806861,0.010780933,0.012969385,0.018141192,0.0225541,0.027072674,0.031030363,0.032667031,0.032980753
1/2/2014,0.008265744,0.009983241,0.009779602,0.010909625,0.013684422,0.019670183,0.024169818,0.028350418,0.031757453,0.032931251,0.033062489
2/3/2014,0.008067371,0.009607905,0.00913858,0.009498516,0.011196247,0.01558143,0.019572456,0.023987087,0.02783487,0.029325211,0.029932612
3/3/2014,0.008860628,0.009054055,0.009455319,0.010060643,0.011667083,0.015782926,0.019626679,0.024061733,0.028322455,0.02992358,0.030439526
4/1/2014,0.009157938,0.009607187,0.009712183,0.010730506,0.012731198,0.017254344,0.021092259,0.02527197,0.029411978,0.03110639,0.031442461
5/1/2014,0.009157938,0.010153448,0.009822731,0.010380844,0.012158144,0.016408655,0.019990572,0.023913288,0.028073805,0.029882651,0.030287423
6/2/2014,0.009356095,0.00996991,0.009768677,0.010499824,0.012115829,0.01588525,0.019243598,0.023135742,0.027155285,0.028914902,0.029273452
7/2/2014,0.009356095,0.009900167,0.010034535,0.011209382,0.012924444,0.016446551,0.019675272,0.023693069,0.027658332,0.029216564,0.029591186
8/1/2014,0.009257021,0.010100314,0.010015218,0.010575741,0.011915969,0.015095687,0.018056664,0.021686636,0.025554236,0.027289625,0.027672782
9/2/2014,0.008959741,0.00978142,0.010141817,0.011164604,0.012599227,0.015461378,0.0180716,0.021426034,0.025119218,0.026918383,0.027474159
10/1/2014,0.008563231,0.009591329,0.009851723,0.011017861,0.012540865,0.015428064,0.018064981,0.021415611,0.024859302,0.026495357,0.026988999
11/3/2014,0.008959741,0.010179351,0.009446426,0.010088677,0.011803902,0.015259601,0.017968735,0.021174371,0.024822251,0.026484453,0.026852491
12/1/2014,0.008761506,0.0090228,0.0098846,0.0096995,0.0109882,0.0139561,0.016463,0.0196994,0.0234707,0.0250983,0.0254796
1/2/2015,0.005982072,0.0092586,0.0100483,0.0098903,0.0108806,0.0132739,0.0154036,0.0183237,0.0220643,0.0236645,0.0239114
2/2/2015,0.005385472,0.0057089,0.0047487,0.0038101,0.0041686,0.0062771,0.0087186,0.0123455,0.0168931,0.0188455,0.0193176
3/2/2015,0.005286004,0.0057573,0.0056053,0.0045771,0.0050555,0.0075483,0.0102788,0.0140698,0.0187644,0.020787,0.0210742
4/1/2015,0.006379607,0.0054208,0.0058284,0.0046124,0.004938,0.0071134,0.0097963,0.0137116,0.0183856,0.0203677,0.0207247
5/1/2015,0.005982072,0.0066101,0.0071569,0.0067574,0.0075526,0.0105439,0.013562,0.0172856,0.0214461,0.0233457,0.0236904
6/1/2015,0.005783245,0.0061231,0.0065929,0.0053256,0.0059701,0.0094106,0.0130055,0.0171323,0.0213573,0.0232904,0.023612
7/2/2015,0.003992021,0.0057094,0.0057666,0.0042765,0.0049463,0.0091049,0.013572,0.0185065,0.022929,0.0248135,0.0251674
8/4/2015,0.003792798,0.0040209,0.0039528,0.0034664,0.0040004,0.0071577,0.010795,0.0154217,0.020303,0.0221866,0.0223475
9/1/2015,0.004091618,0.0036772,0.0041652,0.0041045,0.0046301,0.0073855,0.0107831,0.015514,0.0209831,0.0231738,0.0232596
10/1/2015,0.003892415,0.0043523,0.0049865,0.0050415,0.0057054,0.0083461,0.0113237,0.015483,0.0208588,0.0233942,0.0235648
11/2/2015,0.004589452,0.0042801,0.0051461,0.005626,0.0064372,0.0094439,0.0127754,0.0172349,0.0225117,0.0247372,0.0247924
12/1/2015,0.004191205,0.0048747,0.0055366,0.0058374,0.0065947,0.0092287,0.0121722,0.0162933,0.0214389,0.0236327,0.0236584
1/4/2016,0.004489905,0.0049059,0.004957,0.0044741,0.0051657,0.0080171,0.0111676,0.0154639,0.0207497,0.0228161,0.0226016
2/1/2016,0.004191205,0.0046146,0.0044996,0.0040188,0.0043881,0.0066554,0.0095429,0.0138862,0.0195707,0.0219683,0.021935
3/1/2016,0.004290781,0.0046103,0.005135,0.0050879,0.005403,0.0073252,0.0098757,0.0138986,0.0194026,0.0218154,0.0218115
4/1/2016,0.004987542,0.0045099,0.0055912,0.0053288,0.0056116,0.0074316,0.0099754,0.0140476,0.019452,0.0216764,0.0215695
5/2/2016,0.004589452,0.0054251,0.0063412,0.0066597,0.0071234,0.0092234,0.0119674,0.0160914,0.02099,0.0226354,0.0223545
6/1/2016,0.004788517,0.0051875,0.0059513,0.0058597,0.0061413,0.007558,0.00976,0.0137308,0.0190384,0.020872,0.0206902
